page,filename,title_snippet
1,001-zangbundel-ten-gebruike-bij-de-gods.pdf,GEZANGEN ZIONS
2,002-zangbundel-ten-gebruike-bij-de-gods.pdf,GEZANGEN ZIONS
3,003-h-t-zonder-onze-toestemming-overne-men-van-de-melodie-de-notenzetting-of-de.pdf,H. .t zonder onze toestemming overne.men van de melodie  de notenzetting of de
4,004-reeds-bij-de-grondlegging-der-wereld-bewoog-de-geest-gods-de.pdf,VOORWOORD
5,005-aan-nag-een-we-nsch-willen-wij-uiting-geven-zingt-meer-tot-go-ls.pdf,Aan nag een wE'nsch willen wij uiting geven. Zingt meer tot Go<ls
6,006-aan-nag-een-we-nsch-willen-wij-uiting-geven-zingt-meer-tot-go-ls.pdf,Aan nag een wE'nsch willen wij uiting geven. Zingt meer tot Go<ls
7,007-vermaant-elkander-met-psalmen-en-lofzangen.pdf,Vermaant elkander met psalmen en lofzangen
8,008-eere-en-lofzangen.pdf,EERE- EN LOFZANGEN
9,009-k-s-6-1-joh-l-1-2-eu-14.pdf,2--3
10,010-eerr-en-lofzangen-4-5.pdf,EERR- EN LOFZANGEN 4-5
11,011-6-eere-en-lofzangen.pdf,6 EERE- EN LOFZANGEN
12,012-eere-en-lofzangen-7.pdf,EERE- EN LOFZANGEN 7
13,013-8-bere-en-lofzangen.pdf,8 BERE- EN LOFZANGEN
14,014-eeilli-en-lofzangen-9.pdf,EEilli- EN LOFZANGEN 9
15,015-10-bere-en-lofzangen.pdf,10 BERE- EN LOFZANGEN
16,016-ebre-enlofzangen.pdf,EBRE-ENLOFZANGEN
17,017-prijs-wijn.pdf,13
18,018-eere-en-lofzangen.pdf,EERE  EN LOFZANGEN
19,019-15-eere-en-lofzangen.pdf,15 EERE- EN LOFZANGEN
20,020-emrn-en-lofzangen-16-17.pdf,Emrn- EN LOFZANGEN 16-17
21,021-18-19-eere-en-lofzangen.pdf,18-19 EERE- EN LOFZANGEN
22,022-bere-en-lofzangen.pdf,BERE- EN LOFZANGEN
23,023-21-22.pdf,21-22
24,024-bere-en-lofzangen-23.pdf,BERE- EN LOFZANGEN 23
25,025-aan.pdf,24
26,026-eere-en-lofzangen.pdf,EERE- EN LOFZANGEN
27,027-zijn-naam-ioo-groot-too-hei-lig-t-ich-ten.pdf,26
28,028-eere-en-lofzangen.pdf,EERE- EN LOFZANGEN
29,029-28-29-bere-en-lofzangen.pdf,28-29 BERE- EN LOFZANGEN
30,030-eere-en-lofzangen.pdf,EERE• EN LOFZANGEN
31,031-31-32.pdf,31-32
32,032-bere-bn-lofzangen-33.pdf,BERE- BN LOFZANGEN 33
33,033-de-heilige-geest.pdf,DE HEILIGE GEEST
34,034-de-heilige-geest.pdf, ---
35,035-38-db-heilige-geest.pdf,38 DB HEILIGE GEEST
36,036-de-heilige-geest-39-40.pdf,DE HEILIGE GEEST 39-40
37,037-41-4-2.pdf,41-4:2
38,038-jezus-leven-op-aarde.pdf,JEZUS' LEVEN OP AARDE
39,039-44-jezus-leven-op-aarde.pdf,44 JEZUS' LEVEN OP AARDE
40,040-jezu5-leven-op-aarde.pdf,JEZU5' LEVEN OP AARDE
41,041-46-1-7-jezus-leven-op-aaiide.pdf,46-1:7 JEZUS' LEVEN OP AAIIDE
42,042-jezus-leven-op-aarde-4-b-49.pdf,JEZUS' LEVEN OP AARDE 4:B-49
43,043-50-51-jezus-leven-op-aarde.pdf,50-51 JEZUS' LEVEN OP AARDE
44,044-jezus-leven-op-aarde-52-53.pdf,JEZUS' LEVEN OP AARDE 52-53
45,045-onze-groote-hoogepriester.pdf,ONZE GROOTE HOOGEPRIESTER
46,046-onze-groote-hoogepriester-56.pdf,ONZE GROOTE HOOGEPRIESTER 56
47,047-de-heilige-schrift.pdf,DE HEILIGE SCHRIFT
48,048-de-heilige-schrift.pdf,DE HEILIGE SCHRIFT
49,049-60-61-db-heilige-schrift.pdf,60-61 DB HEILIGE SCHRIFT
50,050-de-heilige-schrift-62.pdf,DE HEILIGE SCHRIFT 62
51,051-63-65-de-heilige-schrift.pdf,r
52,052-de-heilige-schrift-66-67.pdf,DE HEILIGE SCHRIFT 66-67
53,053-gehoorzaamheid-aan-gods-geboden.pdf,GEHOORZAAMHEID AAN GODS GEBODEN
54,054-gods-geboden-71.pdf,GODS GEBODEN 71
55,055-exod-19-5-l-petr-2-9-10.pdf,72
56,056-waarschuwing-en-uitnoodiging.pdf,WAARSCHUWING EN UITNOODIGING
57,057-gehoorzaamheid-aan-gods-geboden.pdf,GEHOORZAAMHEID AAN GODS GEBODEN
58,058-waarschuwing-en-uitnoodiging-75.pdf,WAARSCHUWING EN UITNOODIGING 75
59,059-76-waarschuwing-en-wtnoodiging.pdf,76 WAARSCHUWING EN WTNOODIGING
60,060-waarschuwing-en-uitnoodiging.pdf,WAARSCHUWING EN UITNOODIGING
61,061-78-79-waarschuwing-en-uitnoodiging.pdf,78-79 WAARSCHUWING EN UITNOODIGING
62,062-waarschuwing-en-uitnoodjging-80-81.pdf,WAARSCHUWING EN UITNOODJGING 80-81
63,063-60-61-db-heilige-schrift.pdf,60-61 DB HEILIGE SCHRIFT
64,064-waarschuwing-en-uitnoodiging-84-85.pdf,WAARSCHUWING EN UITNOODIGING 84-85
65,065-untitled.pdf, ...-
66,066-waarschuwing-en-uitnoodiging-88.pdf,1
67,067-r-89-90-waanschuwing-en-idtnoodiging.pdf,r 89-90 WAAnSCHUWING EN IDTNOODIGING
68,068-waarschuwing-en-uitnoodiging-91.pdf,WAARSCHUWING EN UITNOODIGING 91
69,069-belijdenis-en-verootmoediging.pdf,r
70,070-untitled.pdf,. .........----
71,071-r-96-97-belijdenis-en-verootmoediging.pdf,r 96-97 BELIJDENIS EN VEROOTMOEDIGING
72,072-belijdenis-en-verootmoediging-98-99.pdf,BELIJDENIS EN VEROOTMOEDIGING 98-99
73,073-de-heilige-geest.pdf,DE HEILIGE GEEST
74,074-wedergeboorte-en-doop-101.pdf,WEDERGEBOORTE EN DOOP 101
75,075-1-102-104-wedergeboorte-en-doop.pdf,1 102-104 WEDERGEBOORTE EN DOOP
76,076-s-heeren-avondmaal.pdf,'s.HEEREN AVONDMAAL
77,077-jes-63-l-107.pdf,107
78,078-dleeren-a-vondmaa-l-108.pdf,'dlEEREN À VONDMAA.L 108
79,079-r-96-97-belijdenis-en-verootmoediging.pdf,r 96-97 BELIJDENIS EN VEROOTMOEDIGING
80,080-s-heeren-a-vondma-a-l.pdf,'s HEEREN A. VONDMA.A.L
81,081-r-112-113.pdf,r 112-113
82,082-s-liberen-avondmaal.pdf,'s-lIBEREN AVONDMAAL
83,083-116-118.pdf,116-118
84,084-s-heeren-avondmaal-119-120.pdf,'s-HEEREN AVONDMAAL 119-120
85,085-des-christens-roeping.pdf,DES CHRISTENS ROEPING
86,086-des-christens-roeping-122.pdf,DES CHRISTENS ROEPING 122
87,087-123-124-des-christens-roeping.pdf,123-124: DES CHRISTENS ROEPING
88,088-des-christens-roeping-125.pdf,DES CHRISTENS ROEPING 125
89,089-126-127-des-christens-roeping.pdf,'1
90,090-des-chiustens-roeping-128-129.pdf,DES CHIUSTENS ROEPING 128-129
91,091-1-102-104-wedergeboorte-en-doop.pdf,1 102-104 WEDERGEBOORTE EN DOOP
92,092-des-christbns-roeping.pdf,DES CHRISTBNS ROEPING
93,093-christelijke-levenswandel.pdf,1
94,094-christelijke-levenswandel-137.pdf,CHRISTELIJKE LEVENSWANDEL 137
95,095-il.pdf,l'f
96,096-chr-stelijke-levenswandel.pdf,CHR[STELIJKE LEVENSWANDEL
97,097-i.pdf,1
98,098-christeujke-levenswandel.pdf,1
99,099-h-s-christelijke-levenswandel.pdf,r
100,100-christelijke-levenswandel-146.pdf,CHRISTELIJKE LEVENSWANDEL 146
101,101-h7-christelijke-levenswandel.pdf,i  1
102,102-verlangen-naar-god.pdf,VERLANGEN NAAR GOD
103,103-1-1.pdf,1 1
104,104-s-heeren-avondmaal-119-120.pdf,'s-HEEREN AVONDMAAL 119-120
105,105-untitled.pdf,ï
106,106-chr-stelijke-levenswandel.pdf,CHR[STELIJKE LEVENSWANDEL
107,107-untitled.pdf,   
108,108-verlangen-naar-god-157.pdf,VERLANGEN NAAR GOD 157
109,109-geloof-en-vertrouwen.pdf,GELOOF EN VERTROUWEN
110,110-geloof-en-vertrouwen.pdf,GELOOF EN VERTROUWEN
111,111-161-geloof-en-vertrouwen.pdf,161 GELOOF EN VERTROUWEN
112,112-geloof-en-vertrouwen-162.pdf,GELOOF EN VERTROUWEN 162
113,113-163-geloof-en-vertrouwen.pdf,163 GELOOF EN VERTROUWEN
114,114-jeloof-en-vertrouwen-164.pdf,(_jELOOF EN VERTROUWEN 164
115,115-165-166-geloof-en-vertrouwen.pdf,165-166 GELOOF EN VERTROUWEN
116,116-des-christens-roeping-122.pdf,DES CHRISTENS ROEPING 122
117,117-1-ko-3-11-hand-4-12.pdf,169
118,118-geloof-en-vertrouwen.pdf,GELOOF EN VERTROUWEN
119,119-171-172.pdf,171-172
120,120-jeloof-en-ver-trouwen.pdf,(jELOOF EN VER TROUWEN
121,121-toewijding-en-heiligmaking.pdf,TOEWIJDING EN HEILIGMAKING
122,122-toewijding-en-heiligmaking-176.pdf,TOEWIJDING EN HEILIGMAKING 176
123,123-177-178-toewijding-en-heiligmaking.pdf,177-178 TOEWIJDING EN HEILIGMAKING
124,124-toewijding-en-heiligmaking.pdf,TOEWIJDING EN HEILIGMAKING
125,125-181-toewijding-en-heiligmaking.pdf,181 TOEWIJDING EN HEILIGMAKING
126,126-toewijding-en-helligmai-ing-182.pdf,TOEWIJDING EN HElLIGMAI{ING 182
127,127-183-184-toewijding-en-heiligmaking.pdf,183-184 TOEWIJDING EN HEILIGMAKING
128,128-strijd-en-overwinning.pdf,STRIJD EN OVERWINNING
129,129-186-strijd-en-overwinning.pdf,186 STRIJD EN OVERWINNING
130,130-geloof-en-vertrouwen.pdf,GELOOF EN VERTROUWEN
131,131-p-40-2-job-15-11.pdf,188
132,132-strijd-en-overwinning.pdf,STRIJD EN OVERWINNING
133,133-190-strijd-en-overwinning.pdf,190 STRIJD EN OVERWINNING
134,134-strijd-en-overwinning-191-192.pdf,STRIJD EN OVERWINNING 191-192
135,135-193-194.pdf,193-194
136,136-strijd-en-overwinning-195-196.pdf,STRIJD EN OVERWINNING 195-196
137,137-197-strijd-bn-overwinning.pdf,197 STRIJD BN OVERWINNING
138,138-strijd-en-overwinning-198.pdf,STRIJD EN OVERWINNING 198
139,139-199-strijd-bn-overwinning.pdf,199 STRIJD BN OVERWINNING
140,140-strijd-en-overwinning-200.pdf,STRIJD EN OVERWINNING 200
141,141-gods-leiding-en-bescherming.pdf,GODS LEIDING EN BESCHERMING
142,142-gods-leiding-en-bescherming.pdf,GODS LEIDING EN BESCHERMING
143,143-203-gods-leiding-en-bescherming.pdf,203 GODS LEIDING EN BESCHERMING
144,144-gods-leiding-en-bescherming-204-206.pdf,GODS LEIDING EN BESCHERMING 204:-206
145,145-207-gods-leiding-en-bescherming.pdf,207 GODS LEIDING EN BESCHERMING
146,146-gods-leiding-en-bescherming-208.pdf,GODS LEIDING EN BESCHERMING 208
147,147-209-210-gods-leiding-en-bescherming.pdf,209-210 GODS LEIDING EN BESCHERMING
148,148-gods-leiding-en-bescherming-211.pdf,GODS LEIDING EN BESCHERMING 211
149,149-212-213-gods-leiding-en-bescherming.pdf,212-213 GODS LEIDING EN BESCHERMING
150,150-gods-leiding-en-bescherming.pdf,GODS LEIDING EN BESCHERMING
151,151-216-217.pdf,216-217
152,152-gods-leiding-en-bescherming-218.pdf,GODS LEIDING EN BESCHERMING 218
153,153-219-gods-leiding-en-bescherming.pdf,219 GODS LEIDING EN BESCHERMING
154,154-gods-leiding-en-bescherming-220-221.pdf,GODS LEIDING EN BESCHERMING 220-221
155,155-222-223-gods-leiding-en-bescherming.pdf,222-223 GODS LEIDING EN BESCHERMING
156,156-gods-leiding-en-bescherming.pdf,GODS LEIDING EN BESCHERMING
157,157-226-227-gods-leiding-en-bescherming.pdf,226-227 GODS LEIDING EN BESCHERMING
158,158-gods-leiding-en-bescherming-228-229.pdf,GODS LEIDING EN BESCHERMING 228-229
159,159-230-gods-leiding-en-bescherming.pdf,230 GODS LEIDING EN BESCHERMING
160,160-gods-leiding-bn-bescherming-231-232.pdf,GODS LEIDING BN BESCHERMING 231-232
161,161-233-gods-leiding-en-bescherming.pdf,233 GODS LEIDING EN BESCHERMING
162,162-eere-en-lofzangen.pdf,EERE• EN LOFZANGEN
163,163-236-237-pelgrimsliederen.pdf,236-237 PELGRIMSLIEDEREN
164,164-pelgrimsliederen-238.pdf,PELGRIMSLIEDEREN 238
165,165-openb-15-1-3-2-i.pdf,239
166,166-pelgrimsliederen.pdf,PELGRIMSLIEDEREN
167,167-241-pblgrimsliedbrbn.pdf,241 PBLGRIMSLIEDBRBN
168,168-pelgrimsliederen.pdf,PELGRIMSLIEDEREN
169,169-243-pelgrimsliedelibn.pdf,243 PELGRIMSLIEDElIBN
170,170-pelgrimslibderen-244.pdf,PELGRIMSLIBDEREN 244
171,171-245-pelgrimsliederen.pdf,245 PELGRIMSLIEDEREN
172,172-pelgrimslibdbren-246.pdf,PELGRIMSLIBDBREN 246
173,173-247-pelgrimsliederen.pdf,247 PELGRIMSLIEDEREN
174,174-pelgrjmsliedbren-248.pdf,PELGRJMSLIEDBREN 248
175,175-heilsvreugde-en-verlossing.pdf,HEILSVREUGDE EN VERLOSSING
176,176-heilsvreugde-en-verlossing-250.pdf,HEILSVREUGDE EN VERLOSSING 250
177,177-251-heilsvreugde-en-verlossing.pdf,251 HEILSVREUGDE EN VERLOSSING
178,178-pelgrimslibderen-244.pdf,PELGRIMSLIBDEREN 244
179,179-253-heilsvreugde-en-verlossing.pdf,253 HEILSVREUGDE EN VERLOSSING
180,180-heilsvreugde-en-verlossing-254.pdf,HEILSVREUGDE EN VERLOSSING 254
181,181-255-256.pdf,255-256
182,182-helf-vreugde-en-verlossing-257.pdf,HElf~' VREUGDE EN VERLOSSING 257
183,183-258-heilsvrbugdb-en-verlossino.pdf,258 HEILSVRBUGDB EN VERLOSSINO
184,184-heilsvreugde-en-verlossing-259.pdf,HEILSVREUGDE EN VERLOSSING 259
185,185-255-256.pdf,255-256
186,186-heilsvreugde-en-verlossing-262.pdf,HEILSVREUGDE EN VERLOSSING 262
187,187-263-264-heilsvreugde-en-verlossing.pdf,263-264 HEILSVREUGDE EN VERLOSSING
188,188-heilsvreugde-en-verlossing-265-266.pdf,HEILSVREUGDE EN VERLOSSING 265-266
189,189-267-heilsvreugde-en-verlossing.pdf,267 HEILSVREUGDE EN VERLOSSING
190,190-heilsvreugde-en-verlossing.pdf,HEILSVREUGDE EN VERLOSSING
191,191-269-heilsvreugde-en-verlossing.pdf,269 HEILSVREUGDE EN VERLOSSING
192,192-heilsvreugde-en-verwssing-270.pdf,HEILSVREUGDE EN VERWSSING 270
193,193-271-heilsvreugde-en-verlossing.pdf,271 HEILSVREUGDE EN VERLOSSING
194,194-overgave-en-berusting.pdf,OVERGAVE EN BERUSTING
195,195-273-overgave-en-berusting.pdf,273 OVERGAVE EN BERUSTING
196,196-overgave-en-berusting-274.pdf,OVERGAVE EN BERUSTING 274
197,197-275-276.pdf,275-276
198,198-overgave-en-berusting.pdf,OVERGAVE EN BERUSTING
199,199-2-overgave-en-berusting.pdf,2 OVERGAVE EN BERUSTING
200,200-overgave-en-berusting-280.pdf,OVERGAVE EN BERUSTING 280
201,201-281-282-overgave-en-berusting.pdf,281-282 OVERGAVE EN BERUSTING
202,202-overgave-en-berusting.pdf,OVERGAVE EN BERUSTING
203,203-285-286-overgave-en-berusting.pdf,285-286 OVERGAVE EN BERUSTING
204,204-dood-en-opstanding.pdf,DOOD EN OPSTANDING
205,205-288-dood-en-opstanding.pdf,288 DOOD EN OPSTANDING
206,206-dood-en-opstanding-289-291.pdf,DOOD EN OPSTANDING 289-291
207,207-1-thess-1-16-18-292.pdf,292
208,208-dood-en-opstanding.pdf,DOOD EN OPSTANDING
209,209-294-295-dood-en-opstanding.pdf,294-295 DOOD EN OPSTANDING
210,210-dood-en-opstanding-296-297.pdf,DOOD EN OPSTANDING 296-297
211,211-de-laatste-ure.pdf,DE LAATSTE URE
212,212-de-laatsib-ure-300-301.pdf,DE LAATSIB URE 300-301
213,213-302-de-laatste-ure.pdf,302 DE LAATSTE URE
214,214-de-laatste-ure-303-304.pdf,DE LAATSTE URE 303-304
215,215-305-de-laatste-urb.pdf,305 DE LAATSTE URB
216,216-de-laatste-ure-306.pdf,DE LAATSTE URE 306
217,217-302-de-laatste-ure.pdf,302 DE LAATSTE URE
218,218-de-wederkomst-des-heeren.pdf,DE WEDERKOMST DES HEEREN
219,219-309-310-de-wederkomst-des-heeren.pdf,309-310 DE WEDERKOMST DES HEEREN
220,220-de-wederkomst-des-heeren-311-312.pdf,DE WEDERKOMST DES HEEREN 311-312
221,221-313-db-wederkomst-des-heeren.pdf,313 DB WEDERKOMST DES HEEREN
222,222-de-wederkomst-des-heeren-314-315.pdf,DE WEDERKOMST DES HEEREN 314-315
223,223-316-318.pdf,316-318
224,224-de-wederkomst-des-heeren.pdf,DE WEDERKOMST DES HEEREN
225,225-323-324-de-wederkomst-des-heeren.pdf,323-324 DE WEDERKOMST DES HEEREN
226,226-de-wederkomst-des-heeren-325-326.pdf,DE WEDERKOMST DES HEEREN 325-326
227,227-327-de-wederkomst-obs-heeren.pdf,327 DE WEDERKOMST OBS HEEREN
228,228-gods-leiding-en-bescherming-211.pdf,GODS LEIDING EN BESCHERMING 211
229,229-329-der-heiligen-belooning.pdf,329 DER HEILIGEN BELOONING
230,230-der-heiligen-belooning.pdf,DER HEILIGEN BELOONING
231,231-332-der-heiligen-belooning.pdf,332 DER HEILIGEN BELOONING
232,232-der-heiligen-bblooning.pdf,DER HEILIGEN BBLOONING
233,233-331-335-der-heiligen-belooning.pdf,331-335 DER HEILIGEN BELOONING
234,234-wedergeboorte-en-doop-101.pdf,1
235,235-338-der-helligen-belooning.pdf,338 DER HElLIGEN BELOONING
236,236-oer-heiligen-belooning.pdf,OER HEILIGEN BELOONING
237,237-340-341-der-hbiligen-belooning.pdf,340-341 DER HBILIGEN BELOONING
238,238-gods-leiding-en-bescherming-220-221.pdf,GODS LEIDING EN BESCHERMING 220-221
239,239-openingsliederen-en-slotzangen.pdf,OPENINGSLIEDEREN EN SLOTZANGEN
240,240-openingsliederen-en-slotzangen-346-347.pdf,OPENINGSLIEDEREN EN SLOTZANGEN 346-347
241,241-348-349.pdf,348-349
242,242-verlangen-naar-god-157.pdf,VERLANGEN NAAR GOD 157
243,243-352-353-openingslibderen-en-slotzangen.pdf,352-353 OPENINGSLIBDEREN EN SLOTZANGEN
244,244-openingsliederen-en-slotzangen-354-355.pdf,OPENINGSLIEDEREN EN. SLOTZANGEN 354-355
245,245-ps-42-2-63-2.pdf,356
246,246-openingslibderen-en-slotzangen.pdf,OPENINGSLIBDEREN EN SLOTZANGEN
247,247-358-359.pdf,358-359
248,248-openingsliederen-en-slotzangen.pdf,OPENINGSLIEDEREN EN SLOTZANGEN
249,249-362-363-openingsliederen-en-slotzangen.pdf,362-363 OPENINGSLIEDEREN EN SLOTZANGEN
250,250-openingsliedeiibn-en-slotzangen-364.pdf,OPENINGSLIEDEIIBN EN SLOTZANGEN 364
251,251-323-324-de-wederkomst-des-heeren.pdf,323-324 DE WEDERKOMST DES HEEREN
252,252-openingsliederen-en-slotzangen-367-369.pdf,OPENINGSLIEDEREN EN SLOTZANGEN 367-369
253,253-openingslieoeren-en-slotzangen-zegenbeden.pdf,OPENINGSLIEOEREN EN SLOTZANGEN (Zegenbeden)
254,254-openingsliederen-en-slotzangen-zegenbeden-372-373.pdf,OPENINGSLIEDEREN EN SLOTZANGEN (Zegenbeden) 372-373
255,255-des-heeren-sabbatdag.pdf,DES HEEREN SABBATDAG
256,256-des-hee-ren-sa-bba-idag.pdf,DES HEE REN SA.BBA. IDAG
257,257-37s-379.pdf,37S-379
258,258-des-heeren-sabbatdag-380-381.pdf,DES HEEREN SABBATDAG 380-381
259,259-382-384.pdf,382-384
260,260-des-heeren-sabbatdag.pdf,.
261,261-387-388-dl-s-heeren-sabba-toag.pdf,387-388 Dl:!.S HEEREN SABBA TOAG
262,262-des-heeren-sabra-tdag-389-390.pdf,DES HEEREN SABRA TDAG 389-390
263,263-gebed-1meditatie-en-dankzegging.pdf,GEBED  1MEDITATIE EN DANKZEGGING
264,264-gebed-medita-l-ffi-en-dankzegging-393-391.pdf,GEBED  MEDITA l'ffi EN DANKZEGGING 393-391
265,265-trouwe.pdf,395
266,266-gebed-meditatie-en-dankzegging-396.pdf,GEBED  MEDITATIE EN DANKZEGGING 396
267,267-397-398-gebed-meditatie-en-dankzegging.pdf,397-398 GEBED  MEDITATIE EN DANKZEGGING
268,268-gebed-meditatie-en-dankzegging-399-400.pdf,GEBED  MEDITATIE EN DANKZEGGING 399-400
269,269-401-402-gebed-11-mditatie-en-dankzegging.pdf,401-402 GEBED  11.mDITATIE EN DANKZEGGING
270,270-gebed-meditatie-en-dankzegging-4-03.pdf,GEBED  MEDITATIE EN DANKZEGGING 4:03
271,271-opwekkingsliederen.pdf,OPWEKKINGSLIEDEREN
272,272-opwekkingsliederen.pdf,OPWEKKINGSLIEDEREN
273,273-408-opwekkingsliederen.pdf,408 OPWEKKINGSLIEDEREN
274,274-opwekkingsliederen-409.pdf,OPWEKKINGSLIEDEREN 409
275,275-410-opwejckingslibderen.pdf,410 OPWEJCKINGSLIBDEREN
276,276-opwekkingsliederen.pdf,OPWEKKINGSLIEDEREN
277,277-412-113-opwekkingsliederen.pdf,412-113 OPWEKKINGSLIEDEREN
278,278-opwekkingsliederen.pdf,OPWEKKINGSLIEDEREN
279,279-ps-50-5.pdf,416
280,280-opwbkkingslibderen-417.pdf,OPWBKKINGSLIBDEREN 417
281,281-418-opwekkingsliederen.pdf,418 OPWEKKINGSLIEDEREN
282,282-zendingsliederen.pdf,ZENDINGSLIEDEREN
283,283-420-zendingsliederen.pdf,420 ZENDINGSLIEDEREN
284,284-zendingsliederen.pdf,ZENDINGSLIEDEREN
285,285-1-l-c.pdf,423
286,286-zendingsliederen-424.pdf,ZENDINGSLIEDEREN 424
287,287-4-25-zendingslibderen.pdf,4:25 ZENDINGSLIBDEREN
288,288-zendingsliederen-426.pdf,ZENDINGSLIEDEREN 426
289,289-427-zendingsliedrren.pdf,427 ZENDINGSLIEDRREN
290,290-zendingsliederen-428.pdf,ZENDINGSLIEDEREN 428
291,291-jes-6-8.pdf,429
292,292-zendingsllederen.pdf,ZENDINGSLlEDEREN
293,293-431-zendingsliederen.pdf,431 ZENDINGSLIEDEREN
294,294-zendingsliederen-432.pdf,ZENDINGSLIEDEREN 432
295,295-433-zendingslibderen.pdf,433 ZENDINGSLIBDEREN
296,296-zendingsliederen-434-435.pdf,ZENDINGSLIEDEREN 434-435
297,297-weldadigheidsliederen.pdf,WELDADIGHEIDSLIEDEREN
298,298-weldadighbidsliederen-437.pdf,WELDADIGHBIDSLIEDEREN 437
299,299-362-363-openingsliederen-en-slotzangen.pdf,362-363 OPENINGSLIEDEREN EN SLOTZANGEN
300,300-weldadigheidsliederen.pdf,WELDADIGHEIDSLIEDEREN
301,301-441-weldadigheidsliederen.pdf,441 WELDADIGHEIDSLIEDEREN
302,302-weldadigheidslibderen-442.pdf,WELDADIGHEIDSLIBDEREN 442
303,303-443-weldadigheidsliederen.pdf,443 WELDADIGHEIDSLIEDEREN
304,304-geloof-en-vertrouwen.pdf,GELOOF EN VERTROUWEN
305,305-gelegenheidsliederen.pdf,GELEGENHEIDSLIEDEREN
306,306-gelegenheidsliederen-446-448.pdf,GELEGENHEIDSLIEDEREN 446-448
307,307-joh-14-18-matth-28-20.pdf,4:49
308,308-gelegenheidsliederen-450-452.pdf,GELEGENHEIDSLIEDEREN 450-452
309,309-453-gelegenheidsliederen.pdf,453 GELEGENHEIDSLIEDEREN
310,310-gelegenheidsliederen-451.pdf,GELEGENHEIDSLIEDEREN 451
311,311-455-gelegenheidsliederen.pdf,455 GELEGENHEIDSLIEDEREN
312,312-gelegenheidsliederen.pdf,GELEGENHEIDSLIEDEREN
313,313-4-57-gelegenheidsliederen.pdf,4:57 GELEGENHEIDSLIEDEREN
314,314-jeugdliederen.pdf,JEUGDLIEDEREN
315,315-459-jeugdliederen.pdf,459 JEUGDLIEDEREN
316,316-jeligdliederen-460-461.pdf,JELIGDLIEDEREN 460-461
317,317-1-62-jeugdliederen.pdf,1:62 JEUGDLIEDEREN
318,318-jeugdliederen-463.pdf,JEUGDLIEDEREN 463
319,319-464-jeugd-liederen.pdf,1
320,320-jeugdliederen.pdf,JEUGDLIEDEREN
321,321-466-jeugdliederen.pdf,466 JEUGDLIEDEREN
322,322-jeugdliederen.pdf,JEUGDLIEDEREN
323,323-468-469-jeugdliederen.pdf,468-469 JEUGDLIEDEREN
324,324-jeugdllederen-170.pdf,JEUGDLlEDEREN 170
325,325-tl-11.pdf,~"":~ tl~~:11!
326,326-kinderliederen-472-473.pdf,KINDERLIEDEREN 472-473
327,327-474-475.pdf,474-475
328,328-kinderliederen-476.pdf,KINDERLIEDEREN 476
329,329-177-kinderliederen.pdf,177 KINDERLIEDEREN
330,330-kinderliederen-478-4-79.pdf,KINDERLIEDEREN 478-4:79
331,331-480-481-kinderuederen.pdf,480-481 KINDERUEDEREN
332,332-des-christbns-roeping.pdf,DES CHRISTBNS ROEPING
333,333-485-voor-het-huisgezin.pdf,485 VOOR HET HUISGEZIN
334,334-jeugdliederen.pdf,JEUGDLIEDEREN
335,335-a-voo-d-lied-liet.pdf,a . voo.d . lied; liet
336,336-voor-het-huisgezin-488-489.pdf,VOOR HET HUISGEZIN 488-489
337,337-490-492-voor-hrt-huisgezin.pdf,490--492 VOOR HRT HUISGEZIN
338,338-voor-het-huisgbzin.pdf,VOOR HET HUISGBZIN
339,339-496-4-97-voor-het-huisgezin.pdf,496-4:97 VOOR HET HUISGEZIN
340,340-voor-het-hlllsgezin.pdf,VOOR HET HlllSGEZIN
341,341-koorliederen.pdf,KOORLIEDEREN
342,342-koorlibderen.pdf,KOORLIBDEREN
343,343-500-koorliederen.pdf,500 KOORLIEDEREN
344,344-koorliederen.pdf,KOORLIEDEREN
345,345-502-koorliederen.pdf,502 KOORLIEDEREN
346,346-zendingsliederen-428.pdf,ZENDINGSLIEDEREN 428
347,347-ps-9r-6-jes-58-1.pdf,504
348,348-zendingsliederen.pdf,ZENDINGSLIEDEREN
349,349-10-bere-en-lofzangen.pdf,10 BERE- EN LOFZANGEN
350,350-koorliederen-507.pdf,KOORLIEDEREN 507
351,351-508-koorliederen.pdf,508 KOORLIEDEREN
352,352-zendingsliederen-424.pdf,ZENDINGSLIEDEREN 424
353,353-510-koorlibderen.pdf,510 KOORLIBDEREN
354,354-koorliederen-511.pdf,KOORLIEDEREN 511
355,355-wil-den-weg.pdf,512
356,356-koorliederen.pdf,KOORLIEDEREN
357,357-514-koorliederen.pdf,514 KOORLIEDEREN
358,358-koorliederen.pdf,KOORLIEDEREN
359,359-515-516.pdf,515'-516
360,360-supplement-gezangen-zions.pdf,SUPPLEMENT "GEZANGEN ZIONS"
361,361-het-schotache-opwekkingslied.pdf,518
362,362-3-in-d-hoop-op-zijn-komst-liet-mijn-anker-mt-vast-sinds-jezus-nu-woon-in.pdf,3. In d~ hoop op Zijn komst liet mijn anker mt vast. / Sinds Jezus nu woon! in
363,363-a-h-a.pdf,520
364,364-zuin-ge-chai.pdf,521
365,365-all-ttbuul11-gt-11h-1-dta-hee-renwordtge-hoord-al-tba.pdf,All ttbuul11..gt.11h&1 dta Hee~renwordtge..hoord  Al• 'tba.
366,366-tar-we-graan-eens.pdf,=--
367,367-zul-ten-veel-ver-mo-gen.pdf,523
368,368-dr-j-h-gunning-hzn.pdf,524
369,369-dit-is-mijn-vreuade.pdf,525
370,370-zuig-hosanna.pdf,526
371,371-mati-q.pdf,527
372,372-zuin-ge-chai.pdf,521
373,373-schij-non.pdf,schij. non 
374,374-yroolijk.pdf,1.
375,375-gewnu-293-2-3-6-melodie-william-croft-16-t8-l-t2t.pdf,530
376,376-a-a-p-gtcorge-c-stl-bbins-1907.pdf,532
377,377-l-leer-mij-aan-bid-den-heer-schenk-mij-ge.pdf,533
378,378-aanbiddend-zien-w-op-li-361.pdf,INHOUD
379,379-eng-jen-wnchten-ons-bij-t-komen-342.pdf,Eng'Jen wnchten ons bij 't komen 342
380,380-heilig-heilig-heilig-heer-god-12.pdf,Heilig  heilig  heilig  Heer God 12
381,381-k-leo-aan-den-voet-uws-troons-97.pdf,'k Leo aan den voet Uws troons 97
382,382-ps-i-m-116-1-4-7-11.pdf,Ps;i\m 116: 1  4  7  11
383,383-welk-et-n-vriend-is-ons-de-ile-jand-393.pdf,Welk et>n Vriend is ons de Ile!Jand 393
384,384-redactioneele-mededeelingen.pdf,REDACTIONEELE MEDEDEELINGEN
385,385-de-n-v-drukkerij-en-uitgeverij-j-h-de-bussy-te-amsterdam.pdf,De N.V. DRUKKERIJ EN UITGEVERIJ J. H. de BUSSY te AMSTERDAM
386,386-page-386.pdf,
